<?xml version="1.0"?>
<comp:component-backend-db xmlns:comp="http://openoffice.org/extensionmanager/component-registry/2010"><comp:component url="vnd.sun.star.expand:$BUNDLED_EXTENSIONS_PREREG/presentation-minimizer.oxt/SunPresentationMinimizer.uno.dll"><comp:java-type-library>false</comp:java-type-library><comp:implementation-names><comp:name>com.sun.star.comp.SunPresentationMinimizerImp</comp:name><comp:name>com.sun.star.comp.PPPOptimizerImp</comp:name></comp:implementation-names></comp:component><comp:component url="vnd.sun.star.expand:$BUNDLED_EXTENSIONS_PREREG/presenter-screen.oxt/PresenterScreen.uno.dll"><comp:java-type-library>false</comp:java-type-library><comp:implementation-names><comp:name>com.sun.star.comp.Draw.framework.PresenterScreenJob</comp:name><comp:name>vnd.sun.star.sdext.presenter.PresenterProtocolHandler</comp:name></comp:implementation-names></comp:component></comp:component-backend-db>
