<?xml version="1.0"?>
<conf:configuration-backend-db xmlns:conf="http://openoffice.org/extensionmanager/configuration-registry/2010"><conf:configuration url="vnd.sun.star.expand:$BUNDLED_EXTENSIONS_PREREG/presentation-minimizer.oxt/registry/schema/org/openoffice/Office/extension/SunPresentationMinimizer.xcs"><conf:ini-entry>$BUNDLED_EXTENSIONS_PREREG/presentation-minimizer.oxt/registry/schema/org/openoffice/Office/extension/SunPresentationMinimizer.xcs</conf:ini-entry></conf:configuration><conf:configuration url="vnd.sun.star.expand:$BUNDLED_EXTENSIONS_PREREG/presentation-minimizer.oxt/registry/data/org/openoffice/Office/extension/SunPresentationMinimizer.xcu"><conf:data-url>vnd.sun.star.expand:$BUNDLED_EXTENSIONS_PREREG/registry/com.sun.star.comp.deployment.configuration.PackageRegistryBackend/sv558ix.tmp</conf:data-url><conf:ini-entry>$BUNDLED_EXTENSIONS_PREREG/registry/com.sun.star.comp.deployment.configuration.PackageRegistryBackend/sv558ix.tmp/SunPresentationMinimizer.xcu</conf:ini-entry></conf:configuration><conf:configuration url="vnd.sun.star.expand:$BUNDLED_EXTENSIONS_PREREG/presentation-minimizer.oxt/registry/data/org/openoffice/Office/Addons.xcu"><conf:data-url>vnd.sun.star.expand:$BUNDLED_EXTENSIONS_PREREG/registry/com.sun.star.comp.deployment.configuration.PackageRegistryBackend/sv558jd.tmp</conf:data-url><conf:ini-entry>$BUNDLED_EXTENSIONS_PREREG/registry/com.sun.star.comp.deployment.configuration.PackageRegistryBackend/sv558jd.tmp/Addons.xcu</conf:ini-entry></conf:configuration><conf:configuration url="vnd.sun.star.expand:$BUNDLED_EXTENSIONS_PREREG/presentation-minimizer.oxt/registry/data/org/openoffice/Office/ProtocolHandler.xcu"><conf:ini-entry>$BUNDLED_EXTENSIONS_PREREG/presentation-minimizer.oxt/registry/data/org/openoffice/Office/ProtocolHandler.xcu</conf:ini-entry></conf:configuration><conf:configuration url="vnd.sun.star.expand:$BUNDLED_EXTENSIONS_PREREG/presenter-screen.oxt/registry/schema/org/openoffice/Office/extension/PresenterScreen.xcs"><conf:ini-entry>$BUNDLED_EXTENSIONS_PREREG/presenter-screen.oxt/registry/schema/org/openoffice/Office/extension/PresenterScreen.xcs</conf:ini-entry></conf:configuration><conf:configuration url="vnd.sun.star.expand:$BUNDLED_EXTENSIONS_PREREG/presenter-screen.oxt/registry/data/org/openoffice/Office/Jobs.xcu"><conf:ini-entry>$BUNDLED_EXTENSIONS_PREREG/presenter-screen.oxt/registry/data/org/openoffice/Office/Jobs.xcu</conf:ini-entry></conf:configuration><conf:configuration url="vnd.sun.star.expand:$BUNDLED_EXTENSIONS_PREREG/presenter-screen.oxt/registry/data/org/openoffice/Office/ProtocolHandler.xcu"><conf:ini-entry>$BUNDLED_EXTENSIONS_PREREG/presenter-screen.oxt/registry/data/org/openoffice/Office/ProtocolHandler.xcu</conf:ini-entry></conf:configuration><conf:configuration url="vnd.sun.star.expand:$BUNDLED_EXTENSIONS_PREREG/presenter-screen.oxt/registry/data/org/openoffice/Office/extension/PresenterScreen.xcu"><conf:ini-entry>$BUNDLED_EXTENSIONS_PREREG/presenter-screen.oxt/registry/data/org/openoffice/Office/extension/PresenterScreen.xcu</conf:ini-entry></conf:configuration></conf:configuration-backend-db>
