<?xml version="1.0" encoding="UTF-8"?>
<!--***********************************************************
 * 
 * Licensed to the Apache Software Foundation (ASF) under one
 * or more contributor license agreements.  See the NOTICE file
 * distributed with this work for additional information
 * regarding copyright ownership.  The ASF licenses this file
 * to you under the Apache License, Version 2.0 (the
 * "License"); you may not use this file except in compliance
 * with the License.  You may obtain a copy of the License at
 * 
 *   http://www.apache.org/licenses/LICENSE-2.0
 * 
 * Unless required by applicable law or agreed to in writing,
 * software distributed under the License is distributed on an
 * "AS IS" BASIS, WITHOUT WARRANTIES OR CONDITIONS OF ANY
 * KIND, either express or implied.  See the License for the
 * specific language governing permissions and limitations
 * under the License.
 * 
 ***********************************************************-->
<description

    xmlns="http://openoffice.org/extensions/description/2006"
    xmlns:xlink="http://www.w3.org/1999/xlink"
    xmlns:dep="http://openoffice.org/extensions/description/2006">

    <identifier value="com.sun.star.PresentationMinimizer-windows_x86"/>

    <dependencies>
        <OpenOffice.org-minimal-version value="3.4" dep:name="Apache OpenOffice"/>
        <OpenOffice.org-maximal-version value="3.9" dep:name="Apache OpenOffice"/>
    </dependencies>

    <registration>
        <simple-license accept-by="admin" default-license-id="lic-en-US" suppress-if-required="true" >
            <license-text xlink:href="registration/LICENSE" lang="en-US" license-id="lic-en-US"/>
            <license-text xlink:href="registration/LICENSE" lang="ar" license-id="lic-ar"/>
            <license-text xlink:href="registration/LICENSE" lang="cs" license-id="lic-cs"/>
            <license-text xlink:href="registration/LICENSE" lang="de" license-id="lic-de"/>
            <license-text xlink:href="registration/LICENSE" lang="en-GB" license-id="lic-en-GB"/>
            <license-text xlink:href="registration/LICENSE" lang="es" license-id="lic-es"/>
            <license-text xlink:href="registration/LICENSE" lang="fi" license-id="lic-fi"/>
            <license-text xlink:href="registration/LICENSE" lang="fr" license-id="lic-fr"/>
            <license-text xlink:href="registration/LICENSE" lang="gl" license-id="lic-gl"/>
            <license-text xlink:href="registration/LICENSE" lang="hu" license-id="lic-hu"/>
            <license-text xlink:href="registration/LICENSE" lang="it" license-id="lic-it"/>
            <license-text xlink:href="registration/LICENSE" lang="ja" license-id="lic-ja"/>
            <license-text xlink:href="registration/LICENSE" lang="km" license-id="lic-km"/>
            <license-text xlink:href="registration/LICENSE" lang="nl" license-id="lic-nl"/>
            <license-text xlink:href="registration/LICENSE" lang="ru" license-id="lic-ru"/>
            <license-text xlink:href="registration/LICENSE" lang="sk" license-id="lic-sk"/>
            <license-text xlink:href="registration/LICENSE" lang="sl" license-id="lic-sl"/>
            <license-text xlink:href="registration/LICENSE" lang="pt-BR" license-id="lic-pt-BR"/>
            <license-text xlink:href="registration/LICENSE" lang="zh-CN" license-id="lic-zh-CN"/>
            <license-text xlink:href="registration/LICENSE" lang="zh-TW" license-id="lic-zh-TW"/>
        </simple-license>
    </registration>

    <version value="1.1.0"/>

    <platform value="windows_x86"/>

    <publisher>
        <name xlink:href="http://www.openoffice.org" lang="en">Apache Software Foundation</name>
    </publisher>

    <display-name>
        <name lang="en-US">Presentation Minimizer</name>
    </display-name>

    <icon>
      <default xlink:href="bitmaps/extension_32.png" />
      <high-contrast xlink:href="bitmaps/extension_32_h.png" />
    </icon>

</description>
