<?xml version="1.0"?>
<ext:extension-backend-db xmlns:ext="http://openoffice.org/extensionmanager/extension-registry/2010"><ext:extension url="vnd.sun.star.expand:$BUNDLED_EXTENSIONS_PREREG/presentation-minimizer.oxt"><ext:extension-items><ext:item><ext:url>vnd.sun.star.expand:$BUNDLED_EXTENSIONS_PREREG/presentation-minimizer.oxt/registry/schema/org/openoffice/Office/extension/SunPresentationMinimizer.xcs</ext:url><ext:media-type>application/vnd.sun.star.configuration-schema</ext:media-type></ext:item><ext:item><ext:url>vnd.sun.star.expand:$BUNDLED_EXTENSIONS_PREREG/presentation-minimizer.oxt/SunPresentationMinimizer.uno.dll</ext:url><ext:media-type>application/vnd.sun.star.uno-component;type=native;platform=Windows_x86</ext:media-type></ext:item><ext:item><ext:url>vnd.sun.star.expand:$BUNDLED_EXTENSIONS_PREREG/presentation-minimizer.oxt/registry/data/org/openoffice/Office/extension/SunPresentationMinimizer.xcu</ext:url><ext:media-type>application/vnd.sun.star.configuration-data</ext:media-type></ext:item><ext:item><ext:url>vnd.sun.star.expand:$BUNDLED_EXTENSIONS_PREREG/presentation-minimizer.oxt/registry/data/org/openoffice/Office/Addons.xcu</ext:url><ext:media-type>application/vnd.sun.star.configuration-data</ext:media-type></ext:item><ext:item><ext:url>vnd.sun.star.expand:$BUNDLED_EXTENSIONS_PREREG/presentation-minimizer.oxt/registry/data/org/openoffice/Office/ProtocolHandler.xcu</ext:url><ext:media-type>application/vnd.sun.star.configuration-data</ext:media-type></ext:item></ext:extension-items></ext:extension><ext:extension url="vnd.sun.star.expand:$BUNDLED_EXTENSIONS_PREREG/presenter-screen.oxt"><ext:extension-items><ext:item><ext:url>vnd.sun.star.expand:$BUNDLED_EXTENSIONS_PREREG/presenter-screen.oxt/help</ext:url><ext:media-type>application/vnd.sun.star.help</ext:media-type></ext:item><ext:item><ext:url>vnd.sun.star.expand:$BUNDLED_EXTENSIONS_PREREG/presenter-screen.oxt/registry/schema/org/openoffice/Office/extension/PresenterScreen.xcs</ext:url><ext:media-type>application/vnd.sun.star.configuration-schema</ext:media-type></ext:item><ext:item><ext:url>vnd.sun.star.expand:$BUNDLED_EXTENSIONS_PREREG/presenter-screen.oxt/PresenterScreen.uno.dll</ext:url><ext:media-type>application/vnd.sun.star.uno-component;type=native;platform=Windows_x86</ext:media-type></ext:item><ext:item><ext:url>vnd.sun.star.expand:$BUNDLED_EXTENSIONS_PREREG/presenter-screen.oxt/registry/data/org/openoffice/Office/Jobs.xcu</ext:url><ext:media-type>application/vnd.sun.star.configuration-data</ext:media-type></ext:item><ext:item><ext:url>vnd.sun.star.expand:$BUNDLED_EXTENSIONS_PREREG/presenter-screen.oxt/registry/data/org/openoffice/Office/ProtocolHandler.xcu</ext:url><ext:media-type>application/vnd.sun.star.configuration-data</ext:media-type></ext:item><ext:item><ext:url>vnd.sun.star.expand:$BUNDLED_EXTENSIONS_PREREG/presenter-screen.oxt/registry/data/org/openoffice/Office/extension/PresenterScreen.xcu</ext:url><ext:media-type>application/vnd.sun.star.configuration-data</ext:media-type></ext:item></ext:extension-items></ext:extension></ext:extension-backend-db>
